{
  "TF-IDF + LR": {
    "accuracy": 0.208955223880597,
    "macro_f1": 0.14318259017507134,
    "per_class": {
      "Climate action critique": {
        "precision": 0.0,
        "recall": 0.0,
        "f1": 0.0,
        "support": 2.0
      },
      "Climate apathy": {
        "precision": 0.0,
        "recall": 0.0,
        "f1": 0.0,
        "support": 2.0
      },
      "Climate denial": {
        "precision": 0.0,
        "recall": 0.0,
        "f1": 0.0,
        "support": 5.0
      },
      "Climate denial critique": {
        "precision": 0.1111111111111111,
        "recall": 0.1111111111111111,
        "f1": 0.1111111111111111,
        "support": 9.0
      },
      "Climate information": {
        "precision": 0.2727272727272727,
        "recall": 0.375,
        "f1": 0.3157894736842105,
        "support": 8.0
      },
      "Climate nihilism": {
        "precision": 0.0,
        "recall": 0.0,
        "f1": 0.0,
        "support": 2.0
      },
      "Climate nihilism critique": {
        "precision": 0.0,
        "recall": 0.0,
        "f1": 0.0,
        "support": 1.0
      },
      "Climate optimism": {
        "precision": 0.0,
        "recall": 0.0,
        "f1": 0.0,
        "support": 1.0
      },
      "Not climate opinion": {
        "precision": 0.14285714285714285,
        "recall": 0.2,
        "f1": 0.16666666666666666,
        "support": 5.0
      },
      "climate activism": {
        "precision": 0.125,
        "recall": 0.16666666666666666,
        "f1": 0.14285714285714285,
        "support": 6.0
      },
      "climate anxiety": {
        "precision": 0.5,
        "recall": 0.3333333333333333,
        "f1": 0.4,
        "support": 6.0
      },
      "climate change importance": {
        "precision": 0.14285714285714285,
        "recall": 0.16666666666666666,
        "f1": 0.15384615384615385,
        "support": 6.0
      },
      "climate opinion critique": {
        "precision": 0.2857142857142857,
        "recall": 0.2857142857142857,
        "f1": 0.2857142857142857,
        "support": 7.0
      },
      "climate policy critique": {
        "precision": 0.42857142857142855,
        "recall": 0.42857142857142855,
        "f1": 0.42857142857142855,
        "support": 7.0
      }
    },
    "nihilism_precision": 0.0,
    "nihilism_recall": 0.0,
    "nihilism_f1": 0.0,
    "confusion_matrix": [
      [
        0,
        0,
        0,
        0,
        0,
        0,
        0,
        0,
        1,
        1,
        0,
        0,
        0,
        0
      ],
      [
        0,
        0,
        0,
        0,
        0,
        0,
        0,
        0,
        1,
        0,
        0,
        1,
        0,
        0
      ],
      [
        0,
        0,
        0,
        2,
        0,
        0,
        0,
        0,
        1,
        1,
        0,
        0,
        1,
        0
      ],
      [
        0,
        0,
        1,
        1,
        2,
        0,
        0,
        0,
        0,
        2,
        0,
        1,
        1,
        1
      ],
      [
        0,
        0,
        1,
        3,
        3,
        0,
        0,
        0,
        1,
        0,
        0,
        0,
        0,
        0
      ],
      [
        0,
        0,
        0,
        0,
        0,
        0,
        0,
        0,
        0,
        0,
        0,
        1,
        0,
        1
      ],
      [
        0,
        0,
        0,
        0,
        0,
        0,
        0,
        0,
        0,
        0,
        0,
        1,
        0,
        0
      ],
      [
        0,
        0,
        0,
        0,
        0,
        0,
        0,
        0,
        0,
        0,
        0,
        1,
        0,
        0
      ],
      [
        0,
        0,
        1,
        0,
        1,
        0,
        0,
        0,
        1,
        0,
        0,
        1,
        1,
        0
      ],
      [
        0,
        0,
        1,
        0,
        1,
        0,
        0,
        0,
        1,
        1,
        0,
        0,
        1,
        1
      ],
      [
        0,
        0,
        0,
        1,
        0,
        0,
        0,
        0,
        0,
        1,
        2,
        0,
        1,
        1
      ],
      [
        1,
        0,
        0,
        1,
        2,
        0,
        0,
        0,
        0,
        1,
        0,
        1,
        0,
        0
      ],
      [
        0,
        0,
        1,
        1,
        1,
        0,
        0,
        0,
        1,
        0,
        1,
        0,
        2,
        0
      ],
      [
        0,
        0,
        1,
        0,
        1,
        0,
        0,
        0,
        0,
        1,
        1,
        0,
        0,
        3
      ]
    ],
    "labels": [
      "Climate action critique",
      "Climate apathy",
      "Climate denial",
      "Climate denial critique",
      "Climate information",
      "Climate nihilism",
      "Climate nihilism critique",
      "Climate optimism",
      "Not climate opinion",
      "climate activism",
      "climate anxiety",
      "climate change importance",
      "climate opinion critique",
      "climate policy critique"
    ]
  },
  "TF-IDF + SVM": {
    "accuracy": 0.19402985074626866,
    "macro_f1": 0.13471382418750838,
    "per_class": {
      "Climate action critique": {
        "precision": 0.0,
        "recall": 0.0,
        "f1": 0.0,
        "support": 2.0
      },
      "Climate apathy": {
        "precision": 0.0,
        "recall": 0.0,
        "f1": 0.0,
        "support": 2.0
      },
      "Climate denial": {
        "precision": 0.0,
        "recall": 0.0,
        "f1": 0.0,
        "support": 5.0
      },
      "Climate denial critique": {
        "precision": 0.1,
        "recall": 0.1111111111111111,
        "f1": 0.10526315789473684,
        "support": 9.0
      },
      "Climate information": {
        "precision": 0.3,
        "recall": 0.375,
        "f1": 0.3333333333333333,
        "support": 8.0
      },
      "Climate nihilism": {
        "precision": 0.0,
        "recall": 0.0,
        "f1": 0.0,
        "support": 2.0
      },
      "Climate nihilism critique": {
        "precision": 0.0,
        "recall": 0.0,
        "f1": 0.0,
        "support": 1.0
      },
      "Climate optimism": {
        "precision": 0.0,
        "recall": 0.0,
        "f1": 0.0,
        "support": 1.0
      },
      "Not climate opinion": {
        "precision": 0.25,
        "recall": 0.2,
        "f1": 0.2222222222222222,
        "support": 5.0
      },
      "climate activism": {
        "precision": 0.0,
        "recall": 0.0,
        "f1": 0.0,
        "support": 6.0
      },
      "climate anxiety": {
        "precision": 0.4,
        "recall": 0.3333333333333333,
        "f1": 0.36363636363636365,
        "support": 6.0
      },
      "climate change importance": {
        "precision": 0.14285714285714285,
        "recall": 0.16666666666666666,
        "f1": 0.15384615384615385,
        "support": 6.0
      },
      "climate opinion critique": {
        "precision": 0.3333333333333333,
        "recall": 0.2857142857142857,
        "f1": 0.3076923076923077,
        "support": 7.0
      },
      "climate policy critique": {
        "precision": 0.375,
        "recall": 0.42857142857142855,
        "f1": 0.4,
        "support": 7.0
      }
    },
    "nihilism_precision": 0.0,
    "nihilism_recall": 0.0,
    "nihilism_f1": 0.0,