{
  "dataset_rows": 1844,
  "nihilism_train_count": 66,
  "train_size": 1290,
  "val_size": 277,
  "test_size": 277,
  "models": {
    "TF-IDF + LR": {
      "accuracy": 0.33212996389891697,
      "macro_f1": 0.1853102816916796,
      "weighted_f1": 0.32512724579029767,
      "per_class": {
        "Climate action critique": {
          "precision": 0.0,
          "recall": 0.0,
          "f1": 0.0,
          "support": 10.0
        },
        "Climate apathy": {
          "precision": 0.0,
          "recall": 0.0,
          "f1": 0.0,
          "support": 4.0
        },
        "Climate denial": {
          "precision": 0.2222222222222222,
          "recall": 0.21052631578947367,
          "f1": 0.21621621621621623,
          "support": 19.0
        },
        "Climate denial critique": {
          "precision": 0.5,
          "recall": 0.5070422535211268,
          "f1": 0.5034965034965035,
          "support": 71.0
        },
        "Climate information": {
          "precision": 0.525,
          "recall": 0.4375,
          "f1": 0.4772727272727273,
          "support": 48.0
        },
        "Climate nihilism": {
          "precision": 0.16666666666666666,
          "recall": 0.2,
          "f1": 0.18181818181818182,
          "support": 10.0
        },
        "Climate nihilism critique": {
          "precision": 0.0,
          "recall": 0.0,
          "f1": 0.0,
          "support": 2.0
        },
        "Climate optimism": {
          "precision": 0.0,
          "recall": 0.0,
          "f1": 0.0,
          "support": 5.0
        },
        "Not climate opinion": {
          "precision": 0.23333333333333334,
          "recall": 0.3181818181818182,
          "f1": 0.2692307692307692,
          "support": 22.0
        },
        "climate activism": {
          "precision": 0.23076923076923078,
          "recall": 0.21428571428571427,
          "f1": 0.2222222222222222,
          "support": 28.0
        },
        "climate anxiety": {
          "precision": 0.3333333333333333,
          "recall": 0.3333333333333333,
          "f1": 0.3333333333333333,
          "support": 9.0
        },
        "climate change importance": {
          "precision": 0.0,
          "recall": 0.0,
          "f1": 0.0,
          "support": 5.0
        },
        "climate opinion critique": {
          "precision": 0.1111111111111111,
          "recall": 0.07142857142857142,
          "f1": 0.08695652173913043,
          "support": 14.0
        },
        "climate policy critique": {
          "precision": 0.24489795918367346,
          "recall": 0.4,
          "f1": 0.3037974683544304,
          "support": 30.0
        }
      },
      "nihilism_precision": 0.16666666666666666,
      "nihilism_recall": 0.2,
      "nihilism_f1": 0.18181818181818182,
      "confusion_matrix": [
        [
          0,
          0,
          0,
          2,
          1,
          0,
          0,
          0,
          0,
          1,
          0,
          0,
          1,
          5
        ],
        [
          1,
          0,
          0,
          2,
          0,
          0,
          0,
          0,
          0,
          0,
          0,
          0,
          0,
          1
        ],
        [
          2,
          0,
          4,
          8,
          1,
          0,
          0,
          0,
          1,
          1,
          1,
          0,
          1,
          0
        ],
        [
          1,
          0,
          4,
          36,
          7,
          1,
          0,
          0,
          7,
          4,
          2,
          0,
          4,
          5
        ],
        [
          0,
          0,
          5,
          6,
          21,
          5,
          0,
          0,
          2,
          4,
          1,
          0,
          1,
          3
        ],
        [
          1,
          1,
          1,
          0,
          0,
          2,
          0,
          0,
          1,
          1,
          1,
          0,
          0,
          2
        ],
        [
          0,
          0,
          0,
          0,
          0,
          0,
          0,
          0,
          2,
          0,
          0,
          0,
          0,
          0
        ],
        [
          0,
          0,
          0,
          0,
          0,
          1,
          0,
          0,
          1,
          1,
          0,
          0,
          0,
          2
        ],
        [
          0,
          0,
          1,
          3,
          3,
          0,
          0,
          0,
          7,
          2,
          0,
          0,
          1,
          5
        ],
        [
          2,
          0,
          3,
          4,
          0,
          1,
          0,
          0,
          4,
          6,
          0,
          0,
          0,
          8
        ],
        [
          1,
          0,
          0,
          2,
          2,
          1,
          0,
          0,
          0,
          0,
          3,
          0,
          0,
          0
        ],
        [
          0,
          0,
          0,
          0,
          2,
          1,
          0,
          0,
          0,
          1,
          0,
          0,
          0,
          1
        ],
        [
          0,
          0,
          0,
          4,
          2,
          0,
          0,
          0,
          1,
          1,
          0,
          0,
          1,
          5
        ],
        [
          1,
          0,
          0,
          5,
          1,
          0,
          0,
          1,
          4,
          4,
          1,
          1,
          0,
          12
        ]
      ],
      "labels": [
        "Climate action critique",
        "Climate apathy",
        "Climate denial",
        "Climate denial critique",
        "Climate information",
        "Climate nihilism",
        "Climate nihilism critique",
        "Climate optimism",
        "Not climate opinion",
        "climate activism",
        "climate anxiety",
        "climate change importance",
        "climate opinion critique",
        "climate policy critique"
      ],
      "binary_nihilism_precision": 0.16666666666666666,
      "binary_nihilism_recall": 0.2,
      "binary_nihilism_f1": 0.18181818181818182,
      "binary_nihilism_accuracy": 0.9350180505415162
    },
    "TF-IDF + SVM": {
      "accuracy": 0.33574007220216606,
      "macro_f1": 0.1849030723061114,
      "weighted_f1": 0.3151823201491858,
      "per_class": {
        "Climate action critique": {
          "precision": 0.0,
          "recall": 0.0,
          "f1": 0.0,
          "support": 10.0
        },
        "Climate apathy": {
          "precision": 0.0,
          "recall": 0.0,
          "f1": 0.0,
          "support": 4.0
        },
        "Climate denial": {
          "precision": 0.3,
          "recall": 0.15789473684210525,
          "f1": 0.20689655172413793,
          "support": 19.0
        },
        "Climate denial critique": {
          "precision": 0.43956043956043955,
          "recall": 0.5633802816901409,
          "f1": 0.49382716049382713,
          "support": 71.0
        },
        "Climate information": {
          "precision": 0.4,
          "recall": 0.4583333333333333,
          "f1": 0.42718446601941745,
          "support": 48.0
        },
        "Climate nihilism": {
          "precision": 0.25,
          "recall": 0.2,
          "f1": 0.2222222222222222,
          "support": 10.0
        },
        "Climate nihilism critique": {
          "precision": 0.0,
          "recall": 0.0,
          "f1": 0.0,
          "support": 2.0
        },
        "Climate optimism": {
          "precision": 0.0,
          "recall": 0.0,
          "f1": 0.0,
          "support": 5.0
        },
        "Not climate opinion": {
          "precision": 0.25,
          "recall": 0.2727272727272727,
          "f1": 0.2608695652173913,
          "support": 22.0
        },
        "climate activism": {
          "precision": 0.23333333333333334,